	Date	High	Low	Open	Close	Volume	Adj Close	Awesome	KAMA	MFI	ROC	RSI	Stochastic	Stochastic Signal	TSIIndicator	Ultimate	WilliamsRI	kama	ADI	ChaikinMF	EOM	ForceIndex	NVI	OBV	EoM	VPT	BolllingerHigh	BollingerHighIndicator	BollingerLow	BollingerLowIndicator	BollingerBandMovingAverage	DonchianHigh	DonchianHighIndicator	DonchianLow	DonchianLowIndicator	KeltnerChannelCentral	KeltnerChannelHigh	KeltnerChannelHighIndicator	KeltnerChannelLow	KeltnerChannelLowIndicator	AroonIndicator	AroonUp	CCI	DPO	EMA	Ichimoku_A	Ichimoku_B	KST	KSTSignal	MACD	MACDDiff	MACDSignal	MassIndex	PSAR_Down	PSAR_DownIndicator	PSAR_Up	PSAR_UpIndicator	TRIX	VortexIndicatorNeg	VortexIndicatorPos	CumulativeReturn	DailyLogReturn	DailyReturn
0	2019-10-28	9.119999885559082	8.989999771118164	9.020000457763672	9.069999694824219	31754900.0	9.061783790588379	0.0				100.0	61.53834867769505	61.53834867769505			-38.46165132230495		7327982.168506768	0.23076697355390088			1000.0	31754900.0		-5588525.032193427	9.069999694824219	0.0	9.069999694824219	0.0	9.069999694824219	9.069999694824219	1.0	9.069999694824219	1.0	9.059999783833822	9.059999783833822	0.0	8.929999669392904	0.0	4.0	4.0		2.297941474353566		9.054999828338623	9.054999828338623	-202.14227362330467	-202.14227362330467				0.0		0.0		0.0				0.0		-20.214227362330472
1	2019-10-29	9.140000343322754	8.930000305175781	9.010000228881836	9.069999694824219	45759000.0	9.061783790588379	0.0				100.0	66.66636391297043	64.10235629533274			-33.333636087029575		22580705.094379038	0.2913116885407525	-0.009178296338829923		1000.0	77513900.0	-0.009178296338829923	-6419007.684680678	9.069999694824219	0.0	9.069999694824219	0.0	9.069999694824219	9.069999694824219	1.0	9.069999694824219	1.0	9.053333282470703	9.053333282470703	0.0	8.883333206176758	0.0	4.0	4.0	-66.66666666666667	2.297941474353566		9.035000324249268	9.035000324249268	-202.14227362330467	-202.14227362330467				0.0		0.0		0.0				0.0	0.0	0.0
2	2019-10-30	10.369999885559082	9.710000038146973	9.779999732971191	10.109999656677246	215943400.0	10.100841522216797	0.0				100.0	81.94442328846868	70.04971195971139	100.0		-18.055576711531316		68386691.74293552	0.2330379641022238	0.307163639855493		1000.0	293457300.0	0.14899267175833153	24760874.897335432	10.397187716055264	0.0	8.436144981495193	0.0	9.416666348775228	10.109999656677246	1.0	9.069999694824219	0.0	9.3899999194675	9.3899999194675	1.0	9.056666586134169	0.0	4.0	12.0	100.00000000000027	1.9512748204025563		9.650000095367432	9.650000095367432	-171.64716032249555	-191.9772358563683				0.0		0.0	8.989999771118164	1.0				11.466372622333187	10.855276859332896	11.466372622333187
3	2019-10-31	10.210000038146973	9.859999656677246	10.050000190734863	9.979999542236328	86633900.0	9.970959663391113	0.0				88.13558363154304	72.91663493270302	73.84247404471405	86.87814304662722		-27.083365067296974		41158773.19862241	0.10828657227166115	-0.0020200429182035875		987.1414323585009	206823400.0	0.09865510019948649	23646887.034138557	10.536823306055595	0.0	8.57817598822541	0.0	9.557499647140503	10.109999656677246	0.0	9.069999694824219	0.0	9.546666542689005	9.546666542689005	1.0	9.209166447321573	0.0	4.0	12.0	63.51350531370127	1.8104415220372818		9.650000095367432	9.650000095367432	-159.2585231656531	-183.7975576836895				0.0		0.0	8.930000305175781	0.0				10.033074730216352	-1.2941954618382212	-1.2858567641499175
4	2019-11-01	10.390000343322754	10.0600004196167	10.079999923706055	10.380000114440918	82053300.0	10.370597839355469	0.0				91.48369086017482	99.31505283420896	84.72537035179356	85.09085880340524		-0.68494716579105		118239030.95488632	0.25584861651471846	0.07641394281902533		1026.7062776392231	288876700.0	0.09309481085437121	2174726.4110244447	10.817547254450483	0.0	8.626452226750688	0.0	9.721999740600586	10.380000114440918	1.0	9.069999694824219	0.0	9.692666625976562	9.692666625976562	1.0	9.356666564941406	0.0	4.0	20.0	76.12100154563534	1.6459414285771992		9.660000324249268	9.660000324249268	-144.78799670778434	-175.99564548850847				0.0		0.0	8.987600288391114	0.0				14.44322451702229	3.9297844307611296	4.0080219494174285
5	2019-11-04	10.949999809265137	10.420000076293945	10.420000076293945	10.930000305175781	97780000.0	10.920100212097168	0.15816671053568498				93.99358427042773	99.00992529706726	90.41387102132641	86.28803186537546		-0.9900747029327381		208639587.57707816	0.372620929387941	0.24933487897429624		1026.7062776392231	386656700.0	0.1243428244783562	8469737.208434608	11.26902627665201	0.0	8.57764005940756	0.0	9.923333168029785	10.930000305175781	1.0	9.069999694824219	0.0	9.871666643354628	9.871666643354628	1.0	9.503333303663466	0.0	4.0	24.0	109.36864237376204	1.4446080011479996		9.940000057220459	9.940000057220459	-127.07736428693046	-167.8425986215788				0.0		0.0	9.071744291687013	0.0				20.507173902254582	5.163044134649919	5.298653031512868
6	2019-11-05	10.970000267028809	10.720000267028809	10.920000076293945	10.970000267028809	71381700.0	10.960063934326172	0.37742857251848605				94.1291000782047	100.0	99.44165937709208	86.90990160273071		-0.0		280021287.57707816	0.443558589440557	0.056036884891109195		1030.4636619752864	458038400.0	0.11295850121381505	5442254.882729533	11.518114349757736	0.0	8.627599728872985	0.0	10.07285703931536	10.970000267028809	1.0	9.069999694824219	0.0	10.016666684831891	10.016666684831891	1.0	9.665238107953753	0.0	4.0	28.000000000000004	105.36332948768055	1.295084129862424		9.950000286102295	9.950000286102295	-113.92424631593121	-160.13997686362913				0.0		0.0	9.222004733093263	0.0				20.948187829475028	0.36529685194928163	0.3659648740731214
7	2019-11-06	11.100000381469727	10.789999961853027	10.930000305175781	11.020000457763672	78002300.0	11.010018348693848	0.43887503147125173				94.30215423140089	96.31336770076602	98.44109766594443	87.35391286481838		-3.686632299233984		317764428.85327727	0.44799185242144607	0.03974243374583326		1030.4636619752864	536040700.0	0.10249906300410337	616758.8202411429	11.681265199202711	0.0	8.701234734040087	0.0	10.191249966621399	11.020000457763672	1.0	9.069999694824219	0.0	10.135833382606506	10.135833382606506	1.0	9.789583325386047	0.0	4.0	32.0	94.38943582761807	1.1766912025563858		10.015000343322754	10.015000343322754	-103.50961401408215	-153.06118150743578				0.0		0.0	9.396804286486818	0.0				21.49945786715095	0.45475466352495886	0.4557902417299253
8	2019-11-07	11.319999694824219	11.09000015258789	11.100000381469727	11.289999961853027	71082300.0	11.279773712158203	0.5510000652737084				95.13593636731406	98.74478072667607	98.3527161424807	88.08662955500718		-1.255219273323927		370303648.3041256	0.47451052511655134	0.08412758725003933		1055.7109093580593	607123000.0	0.10020262853484536	2097104.453603285	11.878709119026423	0.0	8.747957479823404	0.0	10.313333299424913	11.289999961853027	1.0	9.069999694824219	0.0	10.2577778145119	10.2577778145119	1.0	9.924444481178567	0.0	4.0	36.0	102.8905911668046	1.0546078697528714		10.125	10.125	-92.77034900675413	-146.36220011847115				0.0		0.0	9.601187817884767	0.0				24.476299247238664	2.4205529518621205	2.450086142230057
9	2019-11-08	11.550000190734863	11.140000343322754	11.229999542236328	11.520000457763672	62480600.0	11.509565353393555	0.6635000228881829	11.520000457763672			95.71162206339625	98.8549719739858	97.97104013380931	88.87873898744462		-1.145028026014198	11.520000457763672	423640823.84818536	0.502616204379678	0.09186870708663493		1077.2179096690475	669603600.0	0.09927663726282199	3014435.7779235886	12.086131286707456	0.0	8.781868743810122	0.0	10.434000015258789	11.520000457763672	1.0	9.069999694824219	0.0	10.372333399454753	10.372333399454753	1.0	10.031333414713542	0.0	4.0	40.0	101.12801397362611	0.9339411539189957		10.240000247955322	10.240000247955322	-82.1556990857075	-133.03035850318258				0.0		0.0	9.841821480656291	0.0				27.012137214707323	2.0167320221432306	2.037205462247793
10	2019-11-11	11.5	11.239999771118164	11.399999618530273	11.350000381469727	45575600.0	11.339719772338867	0.7070000301707875	11.470204447132227			87.47108127623676	92.36641916026424	96.65539062030871	85.80355914061793		-7.633580839735752	11.470204447132227	416629373.1083548	0.468941167124606	0.014261812329030623		1061.3214583190368	624028000.0	0.09077515476944285	600301.3237127144	12.178227937713157	0.0	8.856317613933683	0.0	10.51727277582342	11.520000457763672	0.0	9.069999694824219	0.0	10.602666759490969	10.602666759490969	1.0	10.248666763305666	0.0	4.0	40.0	85.8278744915814	0.8506683933543648		10.43500018119812	10.240000247955322	-64.66219851566454	-117.75479460233367				0.0		0.0	10.115130074268862	0.0				25.13782539537004	-1.4866917467095675	-1.4756950480794173
11	2019-11-12	11.579999923706055	11.289999961853027	11.319999694824219	11.420000076293945	48942900.0	11.409655570983887	0.7416666428248089	11.455336495434045			87.93183002956245	93.96226903984056	95.0612200580302	83.81084454658313		-6.03773096015944	11.455336495434045	411566358.8877535	0.4390556788458607	0.0385142975066408		1061.3214583190368	672970900.0	0.08602416774555176	-370707.71385971527	12.259196384038868	0.0	8.925803717686394	0.0	10.59250005086263	11.520000457763672	0.0	9.069999694824219	0.0	10.841000080108644	10.841000080108644	1.0	10.479000091552736	0.0	4.0	40.0	83.43893311051727	-1.522500356038412	10.725682825338183	10.487499952316284	10.255000114440918	-47.066732594819825	-103.91252485481415				0.0		0.0	10.344709292903422	0.0				25.909597139355476	0.6148433371516049	0.6167373786039931
12	2019-11-13	11.359999656677246	11.180000305175781	11.289999961853027	11.289999961853027	53981300.0	11.279773712158203	0.7488460980928853	11.4271599455462		24.476299247238657	81.9075289045004	89.0566036377822	91.79509727929566	80.00328775681692		-10.943396362217793	11.4271599455462	423562235.1104478	0.42724888024833463	-0.055018841953252996		1061.3214583190368	618989600.0	0.0742705836039847	-312649.53949456755	12.290043515770082	0.0	9.002264264569087	0.0	10.646153890169584	11.520000457763672	0.0	9.069999694824219	0.0	10.962333424886069	10.962333424886069	1.0	10.648333485921224	0.0	4.0	40.0	64.71939636752641	-1.5761541953453655	10.812500846340466	10.537500143051147	10.255000114440918	-37.71506648708572	-90.40769633497332				0.0		0.0	10.567061606447897	0.0				24.476299247238664	-1.144883612585268	-1.1383547598285637
13	2019-11-14	11.350000381469727	11.180000305175781	11.180000305175781	11.289999961853027	30790600.0	11.279773712158203	0.7116428647722515	11.395885382185853	73.82656559094147	24.476299247238657	81.9075289045004	89.0566036377822	90.69182543846831	77.20697316161396		-10.943396362217793	11.395885382185853	432618151.6853	0.42323842632868885	-0.0027603839291252463	10491007.919934705	1061.3214583190368	649780200.0	0.06834512456297624	-614498.6979673376	12.310576044312583	0.0	9.073709746267077	0.0	10.69214289528983	11.520000457763672	0.0	9.069999694824219	0.0	11.088000138600668	11.088000138600668	0.0	10.792000230153402	0.0	4.0	40.0	61.15489005511638	-0.5821432386125842	10.885962248727013	10.627500057220459	10.255000114440918	-27.80149553257083	-77.40919620439405				0.0		0.0	10.749390503554366	0.0		0.42180261957810766	0.8529792351605081	24.476299247238664	0.0	0.0
14	2019-11-15	11.550000190734863	11.329999923706055	11.34000015258789	11.520000457763672	38236200.0	11.509565353393555	0.6763333002726242	11.422037318284946	74.87300856689963	13.946595934404185	84.13744312465948	97.73586888379782	91.94969205312073	75.61395016374418		-2.264131116202173	11.422037318284946	460426402.61664855	0.4342015003957463	0.10068987971466888	10248627.497335259	1061.3214583190368	688016400.0	0.07065546421666857	778949.9549559937	12.36451603354326	0.0	9.130150765366245	0.0	10.747333399454753	11.520000457763672	1.0	9.069999694824219	0.0	11.207000128428144	11.207000128428144	1.0	10.922000185648603	0.0	4.0	40.0	75.7208925794427	-0.767333857218425	10.983506588578805	10.702500104904175	10.255000114440918	-18.878098271316965	-65.38705553599254				0.0		0.0	10.89890019918167	0.0		0.5925228743629769	1.2598127269320947	27.012137214707323	2.0167320221432306	2.037205462247793
15	2019-11-18	11.5	11.329999923706055	11.40999984741211	11.4399995803833	50972400.0	11.42963695526123	0.6393749892711647	11.423722796248311	73.74123684214487	14.629259570284653	80.4244100784629	92.51335016628103	93.10194089595369	73.11551298562782		-7.4866498337189675	11.423722796248311	475418049.48354936	0.4277764186301429	-0.00833788112747151	8201989.751689761	1061.3214583190368	637044000.0	0.07071549387462275	424971.0868878894	12.391960303266513	0.0	9.18928976825906	0.0	10.790625035762787	11.520000457763672	0.0	9.069999694824219	0.0	11.272666772206627	11.272666772206627	0.0	11.02366679509481	0.0	4.0	40.0	68.37603952161246	-0.4106249213218689	11.053736279625651	10.72000002861023	10.255000114440918	-5.1243655391121505	-53.29817989412376				0.0		0.0	11.02149814959606	0.0		0.6003748135594191	1.2682921112373928	26.130098845664996	-0.6968745732304438	-0.6944520329984494
16	2019-11-19	11.550000190734863	11.260000228881836	11.430000305175781	11.5	46832800.0	11.489583015441895	0.593411799038158	11.431143680661433	69.21364276367132	10.789979510702604	81.09814364318338	95.34884236708582	95.19935380572156	71.34799502429647		-4.651157632914178	11.431143680661433	506101544.3754717	0.43697128826398657	-0.0061920869806978765	7431703.73742336	1066.8878687371407	683876800.0	0.04833294195775197	-108350.5678150721	12.421337899830062	0.0	9.243368049841065	0.0	10.832352974835564	11.520000457763672	0.0	9.069999694824219	0.0	11.327666759490969	11.327666759490969	0.0	11.074666786193848	0.0	4.0	40.0	66.88425361297485	0.09764733034021766	11.122392236606322	10.795000076293945	10.255000114440918	8.86617196545319	-40.81198145195317				0.9181803038678743		0.0	11.12202846893586	0.0		0.6643513582127444	1.2824069229665442	26.791624993796393	0.5231086097334359	0.5244792116914532
17	2019-11-20	11.489999771118164	11.260000228881836	11.4399995803833	11.390000343322754	46690100.0	11.379683494567871	0.5805555979410801	11.428975710878825	71.75571891078232	4.208600414486217	75.9380843953275	87.50002352815693	91.78740535384127	68.2598760146067		-12.49997647184307	11.428975710878825	512191708.9294	0.42509300112250603	-0.014778367411751554	5636332.493473412	1056.6828861915576	637186700.0	0.04742163306535569	-200971.2623753407	12.428538737015716	0.0	9.29812803137621	0.0	10.863333384195963	11.520000457763672	0.0	9.069999694824219	0.0	11.36866674423218	11.36866674423218	0.0	11.123666858673097	0.0	4.0	40.0	58.926828995976386	0.10666688283284564	11.163562714562696	10.807500123977661	10.255000114440918	16.63131579071358	-28.6562409189012				1.842209023614695		0.0	11.204463330794495	0.0		0.6294532162828638	1.251781059987233	25.578839322590486	-0.9611227767642117	-0.9565187537151854
18	2019-11-21	11.619999885559082	11.3100004196167	11.329999923706055	11.529999732971191	41688800.0	11.519556045532227	0.5855263157894743	11.43235785956504	70.58574466649266	5.104826365642897	77.8681864532395	92.49998609224734	91.7829506624967	66.25466651413974		-7.500013907752658	11.43235785956504	529674026.1872432	0.4249010363515112	0.06692444790202418	5664914.502288036	1069.6710297086465	678875500.0	0.046743811999855604	65815.39604169445	12.45070004394098	0.0	9.346142129585182	0.0	10.898421086763081	11.529999732971191	1.0	9.069999694824219	0.0	11.394000085194907	11.394000085194907	0.0	11.141000207265218	0.0	4.0	76.0	67.6669426835325	0.1215793710005908	11.219937640471695	10.837500095367432	10.275000095367432	24.425108771033667	-16.81392893481885				2.822764194141125		0.0	11.260000228881836	0.0		0.6520677911671188	1.240875644803391	27.122382810561362	1.221650351992487	1.229142980057163
19	2019-11-22	11.720000267028809	11.489999771118164	11.489999771118164	11.550000190734863	38481800.0	11.539538383483887	0.5799999952316277	11.4331566539431	68.40593303015987	4.809434763660129	78.13798446813547	82.99999237060547	87.66666733033658	64.73642563141328		-17.00000762939453	11.4331566539431	511269784.18088263	0.3978555340173221	0.08367602014227773	4965591.518471184	1071.5265293397117	717357300.0	0.03491103636899714	579167.2252264287	12.470401541022799	0.0	9.391598542900542	0.0	10.93100004196167	11.550000190734863	1.0	9.069999694824219	0.0	11.412333393096926	11.412333393096926	0.0	11.177333450317384	0.0	4.0	80.0	75.5161576137896	0.3589999198913567	11.270716494358338	10.887500286102295	10.325000286102295	29.127930861632382	-6.392803448452526				3.791182055351414		0.0	11.260000228881836	0.0		0.7374001171729151	1.225463758862593	27.342895031472313	0.17331423601563145	0.17346451194164558
20	2019-11-25	11.84000015258789	11.569999694824219	11.65999984741211	11.579999923706055	56710200.0	11.569510459899902	0.5983809471130375	11.4405052600165	67.95325465318066	2.5686444892195524	78.56017178766326	75.23807793788403	83.57935213357895	63.61515548791479		-24.761922062115975	11.4405052600165	458760428.76190245	0.34459987043960555	0.04761051808513634	4499262.852509995	1071.5265293397117	774067500.0	0.034309153025713364	214050.17379861354	12.35970060386355	0.0	9.753299502947973	0.0	11.056500053405761	11.579999923706055	1.0	9.069999694824219	0.0	11.442333380381267	11.442333380381267	0.0	11.206333414713542	0.0	4.0	84.0	83.2656426429561	0.4635004043579105	11.318298560411833	10.947500228881836	10.385000228881836	37.91193761453607	3.0492710192536854				4.777884067321526		0.0	11.3100004196167	0.0		0.7086612892123427	1.1601046288242398	27.673652848237285	0.25940120747822704	0.25973794351326074
21	2019-11-26	11.670000076293945	11.3100004196167	11.619999885559082	11.350000381469727	64193900.0	11.339719772338867	0.5891363577409212	11.439499086929905	58.22809289648102	-1.4756950480794224	67.75673955320497	34.66669718424479	64.30158916424477	59.27891600347777		-65.3333028157552	11.439499086929905	408831839.87301356	0.29075233745647255	-0.12057190707525621	1747287.0715279072	1071.5265293397117	709873600.0	0.022858128681349826	-1127707.9400496173	12.105561260596932	0.0	10.235438914879143	0.0	11.170500087738038	11.579999923706055	0.0	9.979999542236328	0.0	11.443666744232178	11.443666744232178	0.0	11.200666809082032	0.0	4.0	84.0	51.7983506111516	0.17950029373168874	11.32317576365151	10.947500228881836	10.385000228881836	44.156252017532935	12.146084186433535				5.831982663523631	11.84000015258789	1.0		0.0		0.7901553130411515	1.0725387973770495	25.13782539537004	-2.0061688019346935	-1.9861791342976054
22	2019-11-27	11.470000267028809	11.260000228881836	11.390000343322754	11.289999961853027	45498700.0	11.279773712158203	0.5686087318088688	11.43887682210128	49.962453665101	-0.5286380405295606	65.23638737860149	21.428522771705293	43.77776596461138	54.9604810358735		-78.57147722829471	11.43887682210128	376332650.3738741	0.2659269938835891	-0.05769396657129013	1107683.0481647332	1065.8620324912558	664374900.0	0.01272801769411201	-1515529.2834382928	12.028461429290395	0.0	10.430538776703258	0.0	11.229500102996827	11.579999923706055	0.0	9.979999542236328	0.0	11.450000095367432	11.450000095367432	0.0	11.204000091552734	0.0	4.0	84.0	28.650446818685943	0.19049997329711843	11.31807179414405	10.96750020980835	10.385000228881836	47.95676273479722	20.56366843836332				6.835129418718452	11.84000015258789	0.0		0.0		0.9151189487221778	0.999999747036021	24.476299247238664	-0.530040275433663	-0.528638040529561
23	2019-11-29	11.359999656677246	11.220000267028809	11.279999732971191	11.270000457763672	22739300.0	11.25979232788086	0.5197500030199684	11.437880629330182	43.243639264703305	-1.313481764694977	64.37680447627402	13.636389908389447	23.243869954779857	51.19673086255753		-86.36361009161055	11.437880629330182	369835840.2880431	0.3004045526935754	-0.046175538727135305	884474.7950927599	1063.9739268978526	641635600.0	0.00286771442169985	-280804.6340982112	11.850575303421019	0.0	10.737424994125368	0.0	11.294000148773193	11.579999923706055	0.0	10.380000114440918	0.0	11.451000086466472	11.451000086466472	0.0	11.208000151316325	0.0	4.0	84.0	4.165103381191541	-0.004000186920166016	11.310676203931683	10.957500219345093	10.385000228881836	50.76464943667218	28.30175151702878				7.761426161701799	11.816800155639648	0.0		0.0		1.0057141440255302	0.974285398210798	24.255797540929148	-0.17730061131633335	-0.1771435266335719
24	2019-12-02	11.520000457763672	11.140000343322754	11.3100004196167	11.15999984741211	68711100.0	11.149890899658203	0.4504000663757335	11.41003071926629	41.757700177452485	-1.1514624878668385	59.716117050102405	2.8570727912556215	12.640661823783468	46.58387564706243		-97.14292720874438	11.41003071926629	308357306.1384819	0.1759095994694866	0.022121856992476367	-321630.5953386695	1063.9739268978526	572924500.0	0.003429146183374546	-710934.4926214004	11.707438261869891	0.0	10.958562008973614	0.0	11.333000135421752	11.579999923706055	0.0	10.930000305175781	0.0	11.43166675567627	11.43166675567627	0.0	11.172666835784913	1.0	4.0	84.0	-19.271008917768018	-0.043000173568724875	11.287495226005595	10.937500238418579	10.385000228881836	49.46992709982228	34.36778403246594				8.79071020937428	11.780992162322997	0.0		0.0		0.9527774841696661	0.9305555445176567	23.043001355121827	-0.9808425389163933	-0.9760479670236855
25	2019-12-03	11.109999656677246	10.8100004196167	11.0	10.989999771118164	64048700.0	10.980045318603516	0.30238470664391137	11.35865179775393	33.62515555112414	-2.6572204760718554	53.29453621288282	17.475669724906552	11.32304414151722	40.52866821346377		-82.52433027509345	11.35865179775393	321166964.6961412	0.10747176555410287	-0.1733053542554305	-1831152.4940800043	1047.7664312687782	508875800.0	-0.011700828942487692	-1646305.9860137703	11.698237584038145	0.0	10.9737626333996	0.0	11.336000108718872	11.579999923706055	0.0	10.970000267028809	0.0	11.386333433787028	11.386333433787028	0.0	11.11433359781901	1.0	4.0	80.0	-163.11260689334918	0.18400034904479945	11.241726694484452	10.855000257492065	10.385000228881836	41.87962274902672	38.03594523064078	0.32228715893711346			9.834444929172818	11.729712816802978	0.0		0.0		1.0737703786062123	0.8306013335289322	21.168689535784544	-1.5350195691257618	-1.5232981955046077
26	2019-12-04	11.180000305175781	10.869999885559082	11.170000076293945	10.899999618530273	43748500.0	10.89012622833252	0.2078889493589049	11.272587998066204	40.62001111241334	-5.381951515597045	50.21581928963758	8.737788567571547	9.690177027911254	34.49362349821375		-91.26221143242846	11.272587998066204	285885829.4791498	0.005752889252176547	0.04605882490474358	-2132040.948567337	1039.1859817096727	465127300.0	-0.0044809955954879365	-1333921.2771032574	11.709852824108623	0.0	10.955147328479267	0.0	11.332500076293945	11.579999923706055	0.0	10.899999618530273	1.0	11.341000080108644	11.341000080108644	0.0	11.067000198364259	1.0	8.0	76.0	-165.80072412272486	0.10749950408935582	11.189153298183808	10.855000257492065	10.385000228881836	32.84599702278024	39.83757647864818	0.2711537564895856			10.891182914650065	11.63774157708435	0.0		0.0		1.010723596002033	0.8954425100506547	20.17640557088818	-0.8222993351282515	-0.8189277021134478
27	2019-12-05	10.960000038146973	10.760000228881836	10.890000343322754	10.789999961853027	47273400.0	10.780226707458496	0.11139289311000233	11.18203275389262	39.74308295179747	-5.681815055700334	46.66741129001532	2.777753249115644	9.663737180531262	28.258417752705935		-97.22224675088435	11.18203275389262	252794336.77047375	-0.06571402744469938	-0.06980661619295482	-2570329.0659100213	1039.1859817096727	417853900.0	-0.009270012185761475	-835338.1226355869	11.746671481734769	0.0	10.895328621262056	0.0	11.321000051498412	11.579999923706055	0.0	10.789999961853027	1.0	11.286666742960614	11.286666742960614	0.0	11.015666834513349	1.0	4.0	72.0	-219.49036224897205	0.17899994850158762	11.127745092594457	11.037500143051147	10.385000228881836	26.708339532258034	40.09126878545089	0.21922700125884198			11.888057198542683	11.554967461337585	0.0		0.0		1.0664893745188826	0.8670215045990699	18.963619899682293	-1.014297850323187	-1.0091711974947626
28	2019-12-06	11.109999656677246	10.850000381469727	10.899999618530273	11.100000381469727	50596900.0	11.089945793151855	0.0494483257162166	11.175149636656693	40.66698021312753	-3.4782575524371606	56.08538925237229	31.481497833922905	14.332346550203377	25.462673865498825	39.162241882906415	-68.5185021660771	11.175149636656693	299499438.784933	-0.0731302033943954	0.06166362617145836	37583.690834862646	1039.1859817096727	468450800.0	-0.012057601724562227	976596.8474383543	11.747861319421457	0.0	10.87513882553704	0.0	11.311500072479248	11.579999923706055	0.0	10.789999961853027	0.0	11.240000089009605	11.240000089009605	0.0	10.974000199635826	0.0	4.0	68.0	-122.27251380635511	0.07850027084350586	11.123476675498345	11.075000047683716	10.385000228881836	21.301789484720558	39.221697521349576	0.20077471081946285			12.88290604172788	11.459571393442895	0.0		0.0		1.0732983835714316	0.8481677588571283	22.381485721591865	2.83253669502872	2.873034482971959
29	2019-12-09	11.130000114440918	10.970000267028809	10.979999542236328	10.989999771118164	26695700.0	10.980045318603516	-0.008833328882854374	11.154190291944047	46.1666658635564	-3.511857420084146	52.53993387398178	21.29625541519274	18.51850216607711	22.022980691700234	38.64635048074847	-78.70374458480725	11.154190291944047	279477504.66600966	-0.154613838608979	0.04195438510562291	-387291.5926790044	1028.8876854638743	441755100.0	-0.00846529699362691	1189112.9435181678	11.731743966115573	0.0	10.83825611017837	0.0	11.285000038146972	11.579999923706055	0.0	10.789999961853027	0.0	11.184333419799806	11.184333419799806	0.0	10.92533359527588	0.0	92.0	64.0	-102.90828763262749	0.24499969482421946	11.102941767132164	11.082500219345093	10.385000228881836	14.512495939602355	36.62175955746805	0.17525477975407533			13.815131287584466	11.375622853695567	0.0		0.0		1.0606859262006678	0.8839053159444111	21.168689535784544	-0.9959395095772816	-0.9909964555964934
30	2019-12-10	11.029999732971191	10.920000076293945	10.989999771118164	11.010000228881836	24780900.0	11.000027656555176	-0.005548403340000618	11.137170936699384	40.43131865316515	-4.5099697843215445	53.120213648376954	23.14814978339229	25.308634344169324	19.473854902632265	39.1179872605061	-76.85185021660772	11.137170936699384	295247363.6162711	-0.13315063487611722	-0.033291792154230365	-261160.03032546432	1030.7601354297753	466536000.0	-0.010400990220307804	-219455.2284110561	11.729198584539567	0.0	10.80680147649559	0.0	11.268000030517578	11.579999923706055	0.0	10.789999961853027	0.0	11.1166667620341	11.1166667620341	0.0	10.873667017618818	0.0	88.0	60.0	-104.64875584628538	0.2820001602172848	11.088643068939806	11.135000228881836	10.385000228881836	8.210471491750265	32.6277839434922	0.15485880441329236			14.674556265905041	11.301748138717919	0.0		0.0		1.105263255222691	0.8836566802021579	21.3892017566955	0.18182239339723516	0.18198779053875125
31	2019-12-11	11.09000015258789	10.949999809265137	10.970000267028809	10.970000267028809	36712500.0	10.960063934326172	-0.007687535881995444	11.123637024311039	46.85387087745247	-5.0216442781647475	51.75724896202937	19.44444935017687	21.296284849587312	16.991680691725506	41.74174913186082	-80.55555064982313	11.123637024311039	269024363.6877965	-0.15848850646404455	0.01716043889874692	-433636.9687831503	1030.7601354297753	429823500.0	-0.008119646912415058	-88280.40423575597	11.718595249259884	0.0	10.772404830848757	0.0	11.24550004005432	11.579999923706055	0.0	10.789999961853027	0.0	11.072666740417482	11.072666740417482	0.0	10.851666927337648	0.0	84.0	56.00000000000001	-85.92541366484943	0.3344998836517341	11.070390330184267	11.210000276565552	10.385000228881836	2.8753469498807536	27.618737745168144	0.1339233988057309			15.506866647629414	11.236738389537589	0.0		0.0		1.0769229724222253	0.8917380790653444	20.948187829475028	-0.3639672894258261	-0.36330573134865096
32	2019-12-12	11.569999694824219	11.239999771118164	11.350000381469727	11.4399995803833	99880100.0	11.42963695526123	0.08857565215139651	11.12872416894569	51.387940584386996	-1.208983974483035	63.58140818607954	62.96290736466212	35.18516883274378	18.626364148483958	48.53698780927336	-37.03709263533788	11.12872416894569	290210964.0981655	-0.14107026936947983	0.12720240448457062	6334536.657868444	1030.7601354297753	529703600.0	-0.003814078585090311	4145890.0502054268	11.733379083542143	0.0	10.772620958419527	0.0	11.253000020980835	11.579999923706055	0.0	10.789999961853027	0.0	11.080333360036215	11.080333360036215	1.0	10.847333558400473	0.0	80.0	52.0	49.8476950537709	0.0970003604888916	11.127253291753348	11.232500076293945	10.385000228881836	2.959414196003042	22.30704494064935	0.1534876456337173			16.45758804402248		0.0	10.760000228881836	1.0		0.986842049125794	0.892105505539219	26.130098845664996	4.195165064299866	4.284405669224189
33	2019-12-13	11.600000381469727	11.329999923706055	11.5	11.34000015258789	52637100.0	11.329728126525879	0.17182344829334895	11.1305149509238	52.34326155811248	-0.08810774049102714	60.2005744444221	53.70370043321542	45.370352382684814	18.799504425510538	47.39452357664103	-46.29629956678458	11.1305149509238	241472991.17399308	-0.19764182518270504	0.030777038937405722	4677648.580914412	1021.7500456117613	477066500.0	-0.007592577242581168	3819156.772256834	11.737142064617142	0.0	10.773857996418013	0.0	11.255500030517577	11.579999923706055	0.0	10.789999961853027	0.0	11.094333362579345	11.094333362579345	0.0	10.84833345413208	0.0	76.0	48.0	48.32160024213147	0.03449993133544993	11.159983578035586	11.240000247955322	10.385000228881836	2.2539804000639014	17.0608286406762	0.15908944995534213	-0.03473867721522936	0.1938281271705715	17.447115879903198		0.0	10.776200218200684	0.0		1.005208206569925	0.8697921038710751	25.027569284914584	-0.8779637516541872	-0.8741209044000664
34	2019-12-16	11.359999656677246	11.130000114440918	11.279999732971191	11.170000076293945	55512900.0	11.159882545471191	0.14641162086935644	11.130699162628169	44.19519673642321	-1.0628865010145354	54.86002480483482	45.054935841811606	53.90718121322973	17.155057550181887	47.06913536787982	-54.945064158188394	11.130699162628169	205268945.97222835	-0.25919946494059676	-0.09114991417939962	2661242.0357411876	1021.7500456117613	421553600.0	-0.017504036690048023	-1292316.225109107	11.70514452824061	0.0	10.770855494647574	0.0	11.238000011444091	11.579999923706055	0.0	10.789999961853027	0.0	11.089000002543132	11.089000002543132	0.0	10.858000151316325	0.0	72.0	44.0	-13.228411443236254	0.03200044631958043	11.16152457776764	11.240000247955322	10.385000228881836	0.9791139527640547	12.516327663313682	0.14810408315304713	-0.036579235214019484	0.1846833183670666	18.435045504923472		0.0	10.809152224731445	0.0		1.1058200657732904	0.7989421273256863	23.153257465577305	-1.5104691843963902	-1.4991188183992143
35	2019-12-17	11.229999542236328	11.079999923706055	11.149999618530273	11.100000381469727	41749300.0	11.089945793151855	0.1200586627511413	11.130334628147201	45.76318282175425	-1.5084300744356736	52.783600767108325	40.47620128882249	46.41161252128318	15.17616959078874	40.33816969393671	-59.52379871117751	11.130334628147201	174653075.77017602	-0.3084191031212646	-0.03233584408804458	1863573.4221889102	1015.3469846546494	379804300.0	-0.011201460762390049	-1093837.1182888055	11.682211520810181	0.0	10.759788582186644	0.0	11.221000051498413	11.579999923706055	0.0	10.789999961853027	0.0	11.105666669209798	11.105666669209798	0.0	10.889666779836018	0.0	68.0	40.0	-35.95311352910533	-0.061000204086303356	11.15205931679873	11.240000247955322	10.385000228881836	0.13893831814540125	8.882210029465366	0.13222549723190546	-0.04196625690812894	0.1741917541400344	19.367369345481073		0.0	10.840786151000977	0.0		1.1008403024618703	0.8459384935783218	22.381485721591865	-0.6286477226434162	-0.6266758670197214
36	2019-12-18	11.140000343322754	10.920000076293945	11.020000457763672	10.960000038146973	75428100.0	10.950072288513184	0.09294105417588128	11.129016255370669	43.94607489996439	-1.792113010749858	48.80490139559369	23.80949677794379	36.44687796952597	12.24725863808532	39.87438457341102	-76.19050322205621	11.129016255370669	126653316.32079223	-0.37802006823688045	-0.036458466373008126	88782.94813577831	1015.3469846546494	304376200.0	-0.009684639319655618	-1212980.4934499052	11.649912355255383	0.0	10.738087751556142	0.0	11.194000053405762	11.579999923706055	0.0	10.789999961853027	0.0	11.108000024159749	11.108000024159749	0.0	10.901000150044759	0.0	64.0	36.0	-70.78252106527687	-0.20400028228759837	11.122511735467691	11.262500286102295	10.385000228881836	-0.26030418364247354	5.885694061031976	0.10711004785789235	-0.053665365025713646	0.160775412883606	20.3142616900884		0.0	10.871154720219726	0.0		1.06983217453848	0.8156426649617731	20.837931719019576	-1.2692857684497127	-1.2612643109136235
37	2019-12-19	11.149999618530273	10.979999542236328	10.979999542236328	11.039999961853027	45306600.0	11.029999732971191	-0.0053530861349671	11.126615940358333	48.769714291164576	0.45496079869140954	51.074367577498336	33.333295489121305	32.5396645186292	10.561306846118883	38.222435533489886	-66.6667045108787	11.126615940358333	113328055.043318	-0.39791085634057444	0.01313251417670221	593888.8903136295	1022.7582694196884	349682800.0	-0.005448349826524368	-620642.9127471971	11.627821435572756	0.0	10.725178633091794	0.0	11.176500034332275	11.579999923706055	0.0	10.789999961853027	0.0	11.129999987284341	11.129999987284341	0.0	10.92600008646647	0.0	60.0	32.0	-49.242523114342944	-0.27650041580200124	11.109817616450052	11.28000020980835	10.385000228881836	0.8765416147693189	3.616222075481838	0.09259383445186664	-0.05454526274539148	0.14713909719725812	21.23696059805687		0.0	10.900308546669727	0.0		1.03030295069081	0.8402205904954616	21.719959573460468	0.727275239317482	0.7299263086460783
38	2019-12-20	11.140000343322754	10.899999618530273	11.079999923706055	11.029999732971191	73641100.0	11.029999732971191	-0.11773546162773663	11.125662266744676	48.54855247637102	1.1926616421152392	50.771383795172326	32.14279226706509	29.761861511376736	9.124784498873215	41.79821405312795	-67.85720773293491	11.125662266744676	119464642.68015993	-0.39658785961060955	-0.014665637103465615	403843.6409673727	1022.7582694196884	276041700.0	-0.00807602797623451	263999.3710640232	11.576342437453583	0.0	10.72665763121097	0.0	11.151500034332276	11.579999923706055	0.0	10.789999961853027	0.0	11.130333296457925	11.130333296457925	0.0	10.928333250681558	0.0	56.00000000000001	28.000000000000004	-54.39322194131812	-0.36150007247924876	11.097537942068689	11.275000095367432	10.385000228881836	-0.08336265444944813	1.9944600094760827	0.07936779333176247	-0.05421704309239653	0.133584836424159	22.19712378214679	11.600000381469727	1.0		0.0		1.080229177033438	0.8338111270603403	21.609703463005015	-0.09062283375178559	-0.09058178366295744
39	2019-12-23	11.170000076293945	11.0	11.0	11.15999984741211	44033200.0	11.15999984741211	-0.16150013979743427	11.126411759403961	55.97491411177092	3.4290999709655225	54.546274226651875	47.61899355588758	37.698360437358	9.003513554818014	37.34438615503371	-52.38100644411242	11.126411759403961	158317349.96510646	-0.33941056366457417	0.025094734624303564	1163911.8407148665	1034.8125482310027	320074900.0	0.006095406943746495	452272.019432989	11.51569786606012	0.0	10.748302168272156	0.0	11.132000017166138	11.579999923706055	0.0	10.789999961853027	0.0	11.13833328882853	11.13833328882853	0.0	10.93533322016398	0.0	52.0	24.0	-19.3055172039555	-0.03199963569641184	11.107147465967676	11.275000095367432	10.385000228881836	1.4979840311595578	1.2486280694104483	0.07847141362518073	-0.04409073823918262	0.12256215186436335	23.132228322969496	11.586000366210937	0.0		0.0		0.9667671818429601	0.9516616697197695	23.043001355121827	1.1717134224324965	1.1786048738724686
40	2019-12-24	11.199999809265137	11.09000015258789	11.100000381469727	11.1899995803833	20769000.0	11.1899995803833	-0.17232361120336215	11.127879440009218	54.55905614800361	0.810803565951388	55.39626898641277	51.19038968942012	43.65072517079094	9.1471487335998	45.09351469432454	-48.80961031057988	11.127879440009218	175310069.93077406	-0.2823331664913221	0.03177800137899717	1086647.9283382678	1037.5942776706645	340843900.0	0.005075348120478894	574807.5903002954	11.438437176742193	0.0	10.786562823257809	0.0	11.1125	11.4399995803833	0.0	10.789999961853027	0.0	11.15566660563151	11.15566660563151	0.0	10.952666536966959	0.0	48.0	20.0	10.800117869388746	-0.12250022888183665	11.119893945108542	11.275000095367432	10.385000228881836	3.668375133526569	1.336742312037761	0.07926800180006133	-0.034635320051441626	0.11390332185150295	24.006868195110197	11.572280351257325	0.0		0.0		0.9774920501553171	0.9581996093306798	23.37375917188682	0.26845415441600906	0.2688148152452552
41	2019-12-26	11.229999542236328	11.130000114440918	11.180000305175781	11.229999542236328	30366700.0	11.229999542236328	-0.1492354421054607	11.131596043930985	60.298615374042114	2.1838014205322005	56.56264087969083	50.66655476888021	49.825312671395984	9.59171143424382	51.91034384476627	-49.33344523111979	11.131596043930985	205676769.93077406	-0.20941019432888197	0.011525666977767109	1104936.3445188475	1037.5942776706645	371210600.0	0.010884796918387602	164379.4686522306	11.418863501708204	0.0	10.794136414368458	0.0	11.10649995803833	11.4399995803833	0.0	10.789999961853027	0.0	11.174999904632568	11.174999904632568	0.0	10.975999927520752	0.0	44.0	16.0	36.35746023201773	-0.09649972915649485	11.136833267743587	11.275000095367432	10.385000228881836	7.2864024325568915	1.8175187827659667	0.08217965044044995	-0.025378937128842413	0.10755858756929236	23.916326974326687	11.558834736602783	0.0		0.0		0.8936877497455811	1.00664467405865	23.814773099107267	0.35682431632051426	0.35746169216261947
42	2019-12-27	11.210000038146973	11.130000114440918	11.170000076293945	11.180000305175781	29971800.0	11.180000305175781	-0.12720593564650606	11.134754443606028	54.53073590703151	1.5440515237047396	54.639286285900184	40.00005449561583	47.28566631797207	9.4534888355546	53.06855866146443	-59.99994550438417	11.134754443606028	213169898.57679367	-0.17092212038857243	-0.002669106962723904	733007.276254541	1032.9746049746145	341238800.0	0.006289601694517441	-24893.885527903825	11.403978512555177	0.0	10.798021437853759	0.0	11.100999975204468	11.4399995803833	0.0	10.789999961853027	0.0	11.150666618347168	11.150666618347168	0.0	10.97666664123535	0.0	40.0	12.0	30.997454683140603	-0.13099970817565953	11.143474350425464	11.214999914169312	10.385000228881836	7.966397656378247	2.4522318112453383	0.07953579327990923	-0.022418235431506506	0.10195402871141573	23.773185191803236	11.545658034241333	0.0		0.0		0.9605735722648072	0.9892477418582989	23.263513576032757	-0.446223296424586	-0.44522919945364503
43	2019-12-30	11.15999984741211	11.029999732971191	11.069999694824219	11.079999923706055	48146000.0	11.079999923706055	-0.1048530185923866	11.131181673337686	48.92204035311914	1.002731577025195	50.91055989387601	25.714301284461666	38.793636849652586	8.313550141499991	56.075518842887945	-74.28569871553833	11.131181673337686	202059391.86806756	-0.1711987805221249	-0.02025099858015189	-59510.67267345835	1032.9746049746145	293092800.0	0.0018463600026763832	-564088.8433788456	11.384435026423798	0.0	10.798564870579376	0.0	11.091499948501587	11.4399995803833	0.0	10.789999961853027	0.0	11.117333253224691	11.117333253224691	0.0	10.95733331044515	0.0	36.0	8.0	-9.119351919947194	0.3484996318817135	11.133709054007094	11.182499885559082	10.385000228881836	7.46243145409837	3.1726004225047064	0.06858076600520491	-0.026698610164968675	0.09527937617017358	23.58987450044249	11.532744865927112	0.0		0.0	0.011272288934437845	0.9784174488171689	0.9028778335803282	22.160973500680935	-0.8984820590131726	-0.8944577704835255
44	2019-12-31	11.15999984741211	10.960000038146973	11.0	11.15999984741211	56658000.0	11.15999984741211	-0.10073539229000161	11.131334258061614	54.64673985188607	-2.4475502031601466	53.636428878294495	37.142849357769165	34.285735045948904	8.077648788270432	62.79811377641761	-62.857150642230835	11.131334258061614	258717391.86806756	-0.051283207737552475	-0.012354765093598017	596510.2344709852	1032.9746049746145	349750800.0	0.0033418619355786937	-21562.9930011697	11.384435026423798	0.0	10.798564870579376	0.0	11.091499948501587	11.4399995803833	0.0	10.789999961853027	0.0	11.104666582743327	11.104666582743327	0.0	10.947666613260905	0.0	32.0	4.0	-2.1971431830449313	0.24850020408630336	11.137753791454019	11.182499885559082	10.385000228881836	9.37659027268915	4.19900619523179	0.06559798053285348	-0.023745116509856085	0.08934309704270957	23.50158220266998	11.520089960979176	0.0		0.0	0.012045553751956898	0.9442509034987566	0.898955011809616	23.043001355121827	0.7194268847012353	0.7220209770479435
45	2020-01-02	11.960000038146973	11.229999542236328	11.229999542236328	11.930000305175781	87421800.0	11.930000305175781	-0.015441308302039047	11.268232994701796	57.93107243899542	5.202823145053021	70.5735814879342	97.16983763251345	53.34232942491477	14.350205951614676	74.89778857179775	-2.8301623674865564	11.268232994701796	338953907.28113234	0.017942511335272648	0.44674229302411866	10127698.20362144	1032.9746049746145	437172600.0	0.03402628008739096	6440877.1737513635	11.60275320595659	1.0	10.674246744452345	1.0	11.138499975204468	11.930000305175781	1.0	10.789999961853027	0.0	11.161666584014894	11.161666584014894	1.0	10.946666526794434	0.0	28.000000000000004	100.0	280.0587036524566	0.03150010108947754	11.259637870488136	11.394999980926514	10.445000171661377	11.420451868307707	5.49686797878181	0.12393802295551737	0.027675940730246235	0.09626208222527113	23.890930669306787		0.0	10.899999618530273	1.0	0.026442204537235236	0.7648724615504319	0.9660059565491783	31.5325325973673	6.6720318409944745	6.899645773223084
46	2020-01-03	12.0	11.529999732971191	11.569999694824219	11.970000267028809	85885800.0	11.970000267028809	0.0869998791638551	11.459298404360473	57.31235947403348	7.1620428403819005	71.1629243326168	97.27275249385747	77.19514649471337	19.259745034145386	76.11588252078754	-2.7272475061425276	11.459298404360473	413875666.420878	0.12384512454315501	0.09303060721687652	9171659.706492197	1036.4380537371603	523058400.0	0.03158543742541281	6319760.0470865695	11.76731219368142	1.0	10.616687821577369	1.0	11.192000007629394	11.970000267028809	1.0	10.789999961853027	0.0	11.24433323542277	11.24433323542277	1.0	11.004333178202312	0.0	24.0	100.0	251.8362969542922	-0.09199962615966761	11.368924393032856	11.414999961853027	10.46500015258789	14.654641765304738	7.027767995507968	0.17142451442644635	0.06012994576094016	0.11129456866550619	24.250085503898777		0.0	10.921199626922608	0.0	0.04998669463554156	0.8764705519362677	1.0470590644229512	31.97354652458777	0.3347280187693258	0.335288858590177
47	2020-01-06	12.210000038146973	11.84000015258789	11.84000015258789	12.140000343322754	111948700.0	12.140000343322754	0.23564694909488537	11.651208773266163	60.79638777692388	9.36936870370921	73.58432441326954	94.65651355709487	96.36636789448862	24.126153607118297	77.49719559260788	-5.343486442905139	11.651208773266163	483465570.4221873	0.2100558867983707	0.085932266235887	10580177.968565883	1036.4380537371603	635007100.0	0.03552509651816147	1877880.9000026616	11.937865135662934	1.0	10.581134917742828	1.0	11.25950002670288	12.140000343322754	1.0	10.960000038146973	0.0	11.344999949137371	11.344999949137371	1.0	11.084999910990398	0.0	20.0	100.0	244.05866103100362	-0.2994999885559082	11.487551462308224	11.535000085830688	10.570000171661377	20.00915755290767	9.26027024076987	0.22023673446356717	0.08715373263844878	0.1330830018251184	24.588008131019578		0.0	10.964351641845703	0.0	0.08150994607691395	0.8285715453479073	1.1085717633306675	33.847858343925054	1.4102272033591934	1.42021781538475
48	2020-01-07	12.239999771118164	11.920000076293945	12.149999618530273	12.050000190734863	70579300.0	12.050000190734863	0.41382345031289525	11.740799573231351	68.37102282010981	9.94525683206274	70.22253391847164	85.82092845166011	92.5833981675375	26.86716994586829	74.0314925343649	-14.179071548339895	11.740799573231351	470232056.84364027	0.1526955207484993	0.024936388266451767	8161274.291692686	1028.7543980249472	564427800.0	0.04381697526429372	1066674.2291105804	12.062674748237228	0.0	10.551325286095047	0.0	11.307000017166137	12.140000343322754	0.0	10.960000038146973	0.0	11.449666627248128	11.449666627248128	1.0	11.18166669209798	0.0	16.0	96.0	187.49999761199282	-0.26700005531311	11.574082035912323	11.549999952316284	10.585000038146973	24.112333222985697	11.77297570652833	0.24879060711283607	0.09256608423017412	0.15622452288266195	24.915169818648526		0.0	11.039090545623779	0.0	0.11523369277997046	0.7576601449319637	1.183844275309632	32.85557437902866	-0.7441138146361492	-0.7413521420317926
49	2020-01-08	12.050000190734863	11.869999885559082	11.989999771118164	11.9399995803833	55402500.0	11.9399995803833	0.5777940553777352	11.769847172589486	66.96670189275181	8.152170485870288	66.23928448463987	77.61192861392706	86.02979020756071	27.803401631838938	73.48703064986296	-22.38807138607294	11.769847172589486	457920129.2591872	0.15559621457275913	-0.03898743923413852	6124762.419307668	1019.3632270794391	509025300.0	0.04334186132528701	-1028992.913255566	12.143207279696195	0.0	10.565792735562592	0.0	11.354500007629394	12.140000343322754	0.0	10.960000038146973	0.0	11.533999951680501	11.533999951680501	1.0	11.26499999364217	0.0	12.0	92.0	132.14850584949642	-0.3245002746582024	11.630377042754011	11.549999952316284	10.585000038146973	28.51240523294833	14.53342349535297	0.259551676800168	0.08266172313400483	0.17688995366616317	24.996799108702795		0.0	11.13516328366333	0.0	0.14676625419290726	0.7762429709326909	1.18232066904734	31.642778193221368	-0.9170602944605033	-0.9128681212481671
50	2020-01-09	12.09000015258789	11.829999923706055	12.069999694824219	11.90999984741211	39377100.0	11.90999984741211	0.6344705806058997	11.787754974998895	69.57359402311663	7.978242391161591	65.15383905394816	75.37314282623487	79.60199996394071	28.213470162870497	72.37422841217035	-24.626857173765135	11.787754974998895	442775046.35635185	0.1270227113081186	0.0	5081038.86152373	1016.802035648304	469648200.0	0.04594603749478759	-604688.3208992534	12.206927485465577	0.0	10.592072491646238	0.0	11.399499988555908	12.140000343322754	0.0	10.960000038146973	0.0	11.612333297729492	11.612333297729492	1.0	11.328333282470703	0.0	8.0	88.0	111.71026902667352	-0.23950014114379847	11.673395935778334	11.549999952316284	10.585000038146973	33.89569007736551	17.490011011442817	0.26263171934609986	0.06859341254394935	0.1940383068021505	25.02000900969038		0.0	11.223550202659716	0.0	0.1746045316439497	0.743169502849037	1.2131149505913301	31.312020376456374	-0.2515702265215136	-0.25125405381486443
51	2020-01-10	11.90999984741211	11.59000015258789	11.84000015258789	11.670000076293945	58652000.0	11.670000076293945	0.6204411955440747	11.781939909754028	62.885931053977636	4.569894586513815	57.09343753396779	57.462714185263316	70.14926187514179	25.975867941718793	67.07819633248462	-42.537285814736684	11.781939909754028	413449046.35635185	0.12204554501181894	-0.11457400961622034	2344252.3705028323	1016.802035648304	410996200.0	0.03682414293815026	-1280839.7301310883	12.224929749948238	0.0	10.644070208090092	0.0	11.434499979019165	12.140000343322754	0.0	10.960000038146973	0.0	11.664999993642171	11.664999993642171	0.0	11.3589999516805	0.0	4.0	84.0	60.24495642908692	-0.24450039863586426	11.672873495857658	11.549999952316284	10.585000038146973	37.74824298648557	20.7991049370103	0.24290662313937084	0.03909465306977625	0.2038119700695946	25.034925529780022		0.0	11.304866168136392	0.0	0.19418272387210572	0.8073877300110238	1.1319263743289996	28.66593681313365	-2.0356917719385415	-2.0151114541811954
52	2020-01-13	12.149999618530273	11.680000305175781	11.739999771118164	12.119999885559082	66161500.0	12.119999885559082	0.5852058803333957	11.820251428018613	71.43482230899136	8.310994995979483	65.66942169633633	90.62500698492077	74.48695466547302	26.95888210332797	66.48568324701395	-9.374993015079234	11.820251428018613	471164460.2597262	0.15739897556649796	0.11721298455210397	6262596.657673191	1016.802035648304	477157700.0	0.046244044484976654	1369310.3848253686	12.31356282855172	0.0	10.623437160004187	0.0	11.468499994277954	12.140000343322754	0.0	10.960000038146973	0.0	11.745999972025555	11.745999972025555	1.0	11.40099999109904	0.0	36.0	80.0	96.65762132060175	-0.23850045204162562	11.741662171196339	11.549999952316284	10.585000038146973	44.037483154874046	24.862999570429817	0.26058174197132544	0.045415817521384655	0.2151659244499408	25.19198145987161		0.0	11.379676856374934	0.0	0.21483679830425767	0.7543424141456211	1.1637719605467418	33.6273461230141	3.783551836277077	3.8560394714928226
53	2020-01-14	12.1899995803833	11.989999771118164	12.15999984741211	12.029999732971191	45030000.0	12.029999732971191	0.5729411349577056	11.844621901217566	71.59866127810939	7.123777589892512	62.95901912085463	83.59374359715596	77.22715492244673	26.79576891710668	59.33278906134962	-16.406256402844036	11.844621901217566	444146460.2597262	0.17746595621291264	0.07772575927380528	4788981.8678580625	1009.2515126100109	432127700.0	0.050003403388512495	2216831.79673868	12.379997207676544	0.0	10.626002738917693	0.0	11.502999973297118	12.140000343322754	0.0	10.960000038146973	0.0	11.843999958038331	11.843999958038331	0.0	11.492000007629395	0.0	32.0	76.0	97.71730345468121	-0.3229996681213372	11.786021796084778	11.639999866485596	10.974999904632568	51.71699502249225	29.567488987074608	0.2642806776933817	0.039291802594752706	0.224988875098629	25.247216736694742		0.0	11.448502689554392	0.0	0.23326798873349558	0.7536944910254751	1.2142857646204082	32.635062158117734	-0.7453463409169636	-0.7425755234133691
54	2020-01-15	12.020000457763672	11.829999923706055	12.020000457763672	11.869999885559082	46051000.0	11.869999885559082	0.5594705693862014	11.846382157400173	66.91343236904557	6.171731319755559	58.34838701100715	71.09375291038366	81.77083449748685	25.105124216508447	53.72522494055523	-28.906247089616347	11.846382157400173	417485282.00343955	0.18737433975381987	-0.06807667645055904	3052248.3191390466	1009.2515126100109	386076700.0	0.04287092640068705	-946863.3156930646	12.414917378696744	0.0	10.661082548824007	0.0	11.537999963760376	12.140000343322754	0.0	10.960000038146973	0.0	11.925333309173585	11.925333309173585	0.0	11.5743332862854	0.0	28.000000000000004	72.0	63.6339205841392	-0.45800004005432093	11.79894150215775	11.727499723434448	11.049999713897705	57.73508311363994	34.71355912544485	0.2514034380502288	0.02113165036127984	0.23027178768894896	25.29217530258101		0.0	11.511822456079493	0.0	0.24613123634093567	0.804819113202097	1.146988146169135	30.871006449235928	-1.3389308809291567	-1.330007073679229
55	2020-01-16	11.979999542236328	11.819999694824219	11.9399995803833	11.84000015258789	36673600.0	11.84000015258789	0.5354116804459519	11.84631451467021	62.82406819875388	6.859207889124515	57.49815214770012	68.75002328306923	74.47917326353632	23.511751563254546	51.74927195562297	-31.249976716930778	11.84631451467021	389980300.59533805	0.19097693934615767	-0.01090726772923792	2459041.672534571	1006.7007732527252	349403100.0	0.04126857392161526	-705168.854694589	12.43719497201841	0.0	10.712804932614159	0.0	11.574999952316285	12.140000343322754	0.0	10.960000038146973	0.0	11.94266662597656	11.94266662597656	0.0	11.648666667938233	0.0	24.0	68.0	53.838021547895906	-0.41500010490417516	11.80525821760854	11.742499828338623	11.150000095367432	58.27487018891373	39.56025117251252	0.2360562950950662	0.0046276059248937795	0.23142868917017242	25.345427102503415		0.0	11.570076641282586	0.0	0.25368982084193825	0.8242280446455593	1.133016755676289	30.540248632470934	-0.25305566370370514	-0.2527357477710601
56	2020-01-17	11.930000305175781	11.760000228881836	11.850000381469727	11.8100004196167	46580700.0	11.8100004196167	0.5402940862319046	11.845668931212103	61.47801329363367	5.824377966773166	56.60979758058063	66.4062936557548	68.75002328306927	21.967808875202515	50.602819525376766	-33.593706344245206	11.845668931212103	370800104.5873048	0.2222230610648723	-0.02007246338369011	1908120.21051375	1006.7007732527252	302822400.0	0.040025477034403394	-210711.66743122917	12.436984754991514	0.0	10.798015187788028	0.0	11.61749997138977	12.140000343322754	0.0	11.029999732971191	0.0	11.942666657765706	11.942666657765706	0.0	11.678666718800862	0.0	20.0	64.0	41.58725031813649	0.3125003337860104	11.805987787148256	11.742499828338623	11.329999923706055	58.48112123405045	43.8349138037506	0.21894893892343248	-0.009983800197391979	0.22893273912082446	25.390358822268126		0.0	11.623670491669433	0.0	0.2563460775218239	0.8387849118909603	1.1214954416370222	30.209490815705962	-0.25369766034533114	-0.2533761198021178
57	2020-01-21	11.800000190734863	11.609999656677246	11.739999771118164	11.65999984741211	43738200.0	11.65999984741211	0.4860881973715401	11.831733709326187	61.61617988833788	-2.2632057909213406	52.26191339127876	54.68749650753961	63.281271148787916	19.324118036273187	50.257919723781455	-45.31250349246039	11.831733709326187	350082032.95953786	0.2158021762303663	-0.06081672313806467	698280.8908405299	993.9145169731837	259084200.0	0.03712792528026676	-673549.7550030525	12.423981305006885	0.0	10.873018626328564	0.0	11.648499965667725	12.140000343322754	0.0	11.029999732971191	0.0	11.905333296457925	11.905333296457925	0.0	11.659333292643229	0.0	16.0	60.0	12.245978033837396	0.321500301361084	11.783528104111925	11.729999780654907	11.480000019073486	57.06551495786501	47.49637844095942	0.19108473742878473	-0.0302784013536318	0.22136313878241654	25.308393422311305	12.239999771118164	1.0		0.0	0.2525180455535928	0.8614317801289508	1.1108546199464622	28.5556807026782	-1.2782497903990553	-1.2701148761640635
58	2020-01-22	11.710000038146973	11.350000381469727	11.710000038146973	11.369999885559082	61947800.0	11.369999885559082	0.3682059568517353	11.783361529800692	54.9273982977395	-5.012534403381919	45.05686295719031	13.861416989751309	44.98506905101528	14.596700054618717	45.576650822510544	-86.1385830102487	11.783361529800692	295017157.742643	0.16174071520939182	-0.10169826357318601	-1967882.0416908269	993.9145169731837	197136400.0	0.030746246817439045	-2096250.9312479533	12.399815476320603	0.0	10.931184470273637	0.0	11.66549997329712	12.140000343322754	0.0	11.079999923706055	0.0	11.845999972025554	11.845999972025554	0.0	11.595999972025552	1.0	12.0	56.00000000000001	-35.275700999917724	0.47450037002563406	11.719908378180717	11.669999837875366	11.5	54.34955509835548	50.3671728704491	0.14394230639565464	-0.06193666590940952	0.20587897230506416	25.292877156301863	12.227399768829345	0.0		0.0	0.23905842744318984	0.8864141971315005	1.0645881804700235	25.358327101679556	-2.5185870138626054	-2.487135211390179
59	2020-01-23	11.850000381469727	11.600000381469727	11.729999542236328	11.770000457763672	73162900.0	11.770000457763672	0.30570598490098	11.783171506146173	54.18539300589318	-3.047774918413322	54.39591545259433	47.19105217137861	38.57998855622322	13.53528405571354	43.02899054573373	-52.80894782862139	11.783171506146173	321355846.39773333	0.14628526430881825	0.06663219051642873	2493987.087714603	993.9145169731837	270299300.0	0.0035955252097469065	1033170.8614961195	12.393550177874697	0.0	10.998449829754698	0.0	11.696000003814698	12.140000343322754	0.0	11.079999923706055	0.0	11.824666690826417	11.824666690826417	0.0	11.567666721343993	0.0	8.0	52.0	14.014109113039655	0.35400018692016566	11.72761485196271	11.669999837875366	11.5	54.99523836199626	52.71156712429697	0.13727586269775038	-0.05488248768585102	0.1921583503836014	25.280663684646683	12.192303793334961	0.0		0.0	0.22618285215929423	0.9640286404172199	1.0263790427671466	29.768476888485495	3.4575662467315027	3.5180349712459202
60	2020-01-24	11.890000343322754	11.619999885559082	11.880000114440918	11.710000038146973	59375800.0	11.710000038146973	0.2552354952868292	11.781974531346169	45.466357809482446	-2.821577985113342	52.94223160030716	40.44942736639978	33.83396550917661	12.228254250761706	41.67854005827078	-59.55057263360022	11.781974531346169	301563913.0644	0.10948783896717573	0.013641823158609399	1628764.2301729156	988.8477977070698	210923500.0	-0.002075102222986459	2271213.929088969	12.379802546506586	0.0	11.064197506899177	0.0	11.722000026702881	12.140000343322754	0.0	11.079999923706055	0.0	11.804333368937176	11.804333368937176	0.0	11.546333376566569	0.0	4.0	48.0	8.338841497470606	0.21799955368041957	11.724904880606442	11.669999837875366	11.5	51.85062671640273	54.278498649843314	0.1257021099428144	-0.053164992352629614	0.178867102295444	25.338468929016837	12.158611656860352	0.0		0.0	0.2127808776572474	0.9622164830943822	0.9571788249724287	29.106950740354122	-0.5110779297328616	-0.5097741485398322
61	2020-01-27	11.59000015258789	11.380000114440918	11.449999809265137	11.4399995803833	47862600.0	11.4399995803833	0.1648531156427726	11.77562374687675	34.35051777210259	-4.187604837285504	46.87191589984283	10.112276475731651	32.58425200450339	9.044750116743202	39.307429608480795	-89.88772352426835	11.77562374687675	281051121.7973304	0.06438801208903885	-0.11846411664692215	-450048.36124600377	966.0476818087135	163060900.0	-0.016674843857472827	-1406262.655460984	12.364761928380972	0.0	11.100238128839486	0.0	11.732500028610229	12.140000343322754	0.0	11.079999923706055	0.0	11.779000027974448	11.779000027974448	0.0	11.532000001271566	1.0	8.0	44.0	-71.3678938411435	0.1774998188018806	11.681073295956727	11.669999837875366	11.5	47.779901513554734	54.69432291191894	0.09366335420275362	-0.0681629984741523	0.16182635267690593	25.3541031471549	12.126267205844727	0.0		0.0	0.19458304784165595	1.0610686393082682	0.8015265582503257	26.130098845664996	-2.3327231595396736	-2.3057255071230354
62	2020-01-28	11.819999694824219	11.470000267028809	11.520000457763672	11.729999542236328	62928600.0	11.729999542236328	0.13329430467942238	11.773849639277612	33.47075044772839	-1.5113375943064602	53.09298411212067	45.23803847171274	31.933247437948108	8.490387405246818	45.63150511740007	-54.76196152828726	11.773849639277612	311616334.01800555	0.08179441037821464	0.08898951357823186	2221285.9188554846	966.0476818087135	225989500.0	-0.012099620620917104	491637.679095953	12.339379123588907	0.0	11.180620857337606	0.0	11.759999990463257	12.140000343322754	0.0	11.079999923706055	0.0	11.748000017801921	11.748000017801921	0.0	11.512999979654946	0.0	4.0	40.0	-23.763493274263215	-0.08999991416931152	11.688600410768974	11.627500057220459	11.5	42.59805078027175	53.68110688500555	0.0906282763866777	-0.05695846103218258	0.14758673741886028	25.464481814614256	12.095216532869726	0.0		0.0	0.17855258104179364	1.002506083556674	0.799498496469374	29.32745244666364	2.5033674368477588	2.534964794494421
63	2020-01-29	13.0	12.489999771118164	12.569999694824219	12.9399995803833	220689300.0	12.9399995803833	0.3264413076288566	11.849156374482279	52.72704831073884	10.882600649413797	69.26456065455866	96.36361009161055	50.57130834635169	15.215219606245073	62.050685211328876	-3.636389908389446	11.849156374482279	480378400.0481416	0.2022480248774054	0.2542036261534236	40051682.418823086	966.0476818087135	446678800.0	0.008842598335337334	24360270.868425507	12.550913994475497	1.0	11.155085952118743	1.0	11.85299997329712	12.9399995803833	1.0	11.15999984741211	0.0	11.82200002670288	11.82200002670288	1.0	11.555999946594238	0.0	20.0	100.0	298.2750425378197	0.2669999122619622	11.881123359940409	12.0625	11.880000114440918	47.931567995513646	52.59182742743596	0.18374178511359318	0.028924038155786314	0.15481774695780687	25.672205088067486		0.0	11.350000381469727	1.0	0.18489053600481883	0.8464565842658408	0.9035429933391117	42.66813688833408	9.817363300453152	10.31543124780281
64	2020-01-30	12.989999771118164	12.5	12.890000343322754	12.729999542236328	95469300.0	12.729999542236328	0.4783823854782998	11.900170358749266	49.35490888327848	5.033000515157244	65.07156438202279	83.63633210993267	75.07932689108536	18.30803760522184	62.07728970316661	-16.363667890067337	11.900170358749266	474533204.3513557	0.15252663807175243	0.0	31465933.981581967	950.3699340026649	351209500.0	0.008842598335337334	21215705.463143922	12.6527563648927	1.0	11.21024355118396	1.0	11.93149995803833	12.9399995803833	0.0	11.369999885559082	0.0	11.905333328247071	11.905333328247071	1.0	11.609333324432372	0.0	16.0	96.0	237.93037592223126	0.09849977493286133	12.011719695678241	12.077500104904175	11.880000114440918	53.23498678175164	52.03184038219573	0.23784790104331321	0.06642412326840508	0.17142377777490814	25.96043136803241		0.0	11.383000373840332	0.0	0.201880937887814	0.8625234579617341	0.9171372028321431	40.35281114177636	-1.6361880035004717	-1.6228751542258668
65	2020-01-31	12.739999771118164	12.34000015258789	12.680000305175781	12.449999809265137	77984000.0	12.449999809265137	0.5906764731687648	11.917917752308119	48.1657311042297	3.491272532141719	59.867667773768936	66.6666474005144	82.22219653401925	18.5890901362636	62.848742853311926	-33.33335259948559	11.917917752308119	439440311.3870946	0.07149509360327068	-0.10514963490095024	23851443.530495204	929.4662939937472	273225500.0	0.009515767957856627	-3264626.4153806614	12.713327148245437	0.0	11.201672718240157	0.0	11.957499933242797	12.9399995803833	0.0	11.369999885559082	0.0	11.96833333969116	11.96833333969116	1.0	11.648333358764647	0.0	12.0	92.0	144.50454269539262	-0.08750004768371511	12.07914740546084	12.077500104904175	11.880000114440918	55.36161595409017	51.68522868442238	0.2551920541866366	0.06701462112938275	0.18817743305725385	26.28147362074109		0.0	11.415340366363525	0.0	0.22003556917988068	0.8775508795831435	0.9332093615778974	37.26571365123319	-2.2240769019227002	-2.199526653887085
66	2020-02-03	12.680000305175781	12.25	12.460000038146973	12.260000228881836	50399300.0	12.260000228881836	0.7554999940535598	11.925149967220852	42.124667645706644	3.285596858321998	56.562124600288996	55.15151865445193	68.48483272163304	17.564320147598096	54.56885817672988	-44.84848134554807	11.925149967220852	391385216.86517346	-0.01641621638352683	-0.06398886665516024	19076116.47590845	915.2816989299134	222826200.0	-0.0034272214140908153	-2484423.1226600492	12.73927029650231	0.0	11.20472956616859	0.0	11.97199993133545	12.9399995803833	0.0	11.369999885559082	0.0	12.024666659037269	12.024666659037269	0.0	11.678666655222573	0.0	8.0	88.0	99.24312092019353	-0.1319997787475593	12.106970916756378	12.077500104904175	11.880000114440918	56.66586328593299	51.6408229430966	0.250715944918646	0.0500308094891137	0.2006851354295323	26.637992789075433		0.0	11.447033559036255	0.0	0.2344816994713602	0.9344566923902698	0.9007487770558151	35.17090012558639	-1.537865841359043	-1.5261010706353995
67	2020-02-04	12.619999885559082	12.390000343322754	12.489999771118164	12.579999923706055	44353900.0	12.579999923706055	0.8969117865842922	11.957393470413196	42.18473027666262	6.2499979863295945	60.51625045308313	74.54544403664423	65.45453669720358	18.197936142916436	58.48875114381907	-25.45455596335578	11.957393470413196	420311657.394754	-0.0484896900548573	0.020742196099253676	18378561.902816374	939.1715732258193	267180100.0	-0.007497475926558786	388542.05626308767	12.803355078012709	0.0	11.184644742696518	0.0	11.993999910354614	12.9399995803833	0.0	11.369999885559082	0.0	12.108666674296058	12.108666674296058	1.0	11.75866676966349	0.0	4.0	84.0	113.28932083822436	-0.18399949073791433	12.179744610133252	12.085000038146973	11.880000114440918	58.912575003659725	52.14782515479707	0.26987890112008905	0.055355012552445376	0.21452388856764368	26.929860562712754		0.0	11.47809288785553	0.0	0.25072753070734244	0.9309089086863936	0.84909077573416	38.699011543350025	2.576629603053604	2.610111654568903
